Virus name	Type	Accession ID	Collection date	Location	Additional location information	Sequence length	Host	Patient age	Gender	Clade	Pango lineage	Pangolin version	Variant	AA Substitutions	Submission date	Is reference?	Is complete?	Is high coverage?	Is low coverage?	N-Content	GC-Content
hCoV-19/England/QEUH-96DE86/2020	betacoronavirus	EPI_ISL_530531	2020-08-18	Europe / United Kingdom / England		29782.0	Human	unknown	unknown	GV	W.3	2021-06-05		(NSP3_A85V,NSP14_R163C,Spike_M1229T,N_D402Y,NSP12_P323L,Spike_D614G,NS3_F43L,N_A220V,Spike_A222V)	2020-09-11		True	True			0.379893895642
hCoV-19/England/QEUH-9B9EE5/2020	betacoronavirus	EPI_ISL_549601	2020-09-07	Europe / United Kingdom / England		29782.0	Human	unknown	unknown	GV	W.3	2021-06-05		(NSP3_A85V,NSP3_T976I,Spike_M1229T,NSP14_L411F,NSP12_P323L,Spike_D614G,N_A220V,Spike_A222V)	2020-09-28		True	True		0.00933449734739	0.38005016269
hCoV-19/England/ALDP-9BDA0B/2020	betacoronavirus	EPI_ISL_568167	2020-09-09	Europe / United Kingdom / England		29782.0	Human	unknown	unknown	GV	W.3	2021-06-05		(NSP3_A85V,NSP3_T976I,Spike_M1229T,NSP14_L411F,NSP13_T351I,NSP12_P323L,Spike_D614G,N_A220V,Spike_A222V)	2020-10-01		True	True			0.379826740984
hCoV-19/England/ALDP-9C51B0/2020	betacoronavirus	EPI_ISL_567545	2020-09-10	Europe / United Kingdom / England		29782.0	Human	unknown	unknown	GV	W.3	2021-06-05		(NSP3_A85V,Spike_M1229T,NSP13_D458B,NSP12_P323L,Spike_D614G,N_A220V,Spike_A222V)	2020-10-01		True	True			0.379906651892
hCoV-19/England/ALDP-9BDFC0/2020	betacoronavirus	EPI_ISL_568072	2020-09-10	Europe / United Kingdom / England		29782.0	Human	unknown	unknown	GV	W.3	2021-06-05		(NSP3_A85V,NSP3_T976I,Spike_M1229T,NSP14_L411F,NSP13_T351I,NSP12_P323L,Spike_D614G,N_A220V,Spike_A222V)	2020-10-01		True	True			0.379826740984
hCoV-19/England/ALDP-9CA9E0/2020	betacoronavirus	EPI_ISL_575489	2020-09-16	Europe / United Kingdom / England		29782.0	Human	unknown	unknown	GV	W.3	2021-06-05		(NSP3_A85V,Spike_M1229T,NSP12_P323L,Spike_D614G,N_A220V,Spike_A222V)	2020-10-08		True	True			0.379973808804
hCoV-19/England/CAMC-9D6E79/2020	betacoronavirus	EPI_ISL_584329	2020-09-20	Europe / United Kingdom / England		29782.0	Human	unknown	unknown	GV	W.3	2021-06-05		(NSP3_A85V,Spike_M1229T,NSP2_T429I,NSP12_P323L,Spike_D614G,N_A220V,NSP3_S554F)	2020-10-19		True			0.0178631388087	0.379931623932
hCoV-19/England/ALDP-A2FB00/2020	betacoronavirus	EPI_ISL_586938	2020-10-05	Europe / United Kingdom / England		29782.0	Human	unknown	unknown	GV	W.3	2021-06-05		(NSP3_A85V,NS3_G254stop,Spike_M1229T,NSP12_P323L,Spike_D614G,N_A220V,Spike_A222V)	2020-10-20		True	True			0.37992747297
hCoV-19/England/ALDP-A2E248/2020	betacoronavirus	EPI_ISL_586899	2020-10-06	Europe / United Kingdom / England		29782.0	Human	unknown	unknown	GV	W.3	2021-06-05		(NSP3_A85V,NSP3_I1268V,Spike_M1229T,NSP12_P323L,Spike_D614G,N_A220V,Spike_A222V)	2020-10-20		True	True			0.379994627627
hCoV-19/England/ALDP-9FDA96/2020	betacoronavirus	EPI_ISL_587825	2020-10-01	Europe / United Kingdom / England		29782.0	Human	unknown	unknown	GV	W.3	2021-06-05		(NSP3_A85V,Spike_M1229T,NSP12_P323L,Spike_D614G,N_A220V,Spike_A222V)	2020-10-20		True	True		0.00456651668793	0.380017540309
hCoV-19/England/ALDP-9FDB1B/2020	betacoronavirus	EPI_ISL_587865	2020-10-01	Europe / United Kingdom / England		29782.0	Human	unknown	unknown	GV	W.3	2021-06-05		(NSP4_G105S,NSP3_A85V,Spike_M1229T,NSP12_T24I,NSP12_P323L,Spike_D614G,N_A220V,Spike_A222V)	2020-10-20		True	True			0.379826740984
hCoV-19/England/QEUH-9FA3E9/2020	betacoronavirus	EPI_ISL_588269	2020-09-28	Europe / United Kingdom / England		29782.0	Human	unknown	unknown	GV	W.3	2021-06-05		(NSP3_A85V,Spike_M1229T,NSP12_P323L,Spike_D614G,N_A220V,Spike_A222V)	2020-10-20		True	True			0.379961050299
hCoV-19/England/QEUH-A5E458/2020	betacoronavirus	EPI_ISL_597513	2020-10-12	Europe / United Kingdom / England		29782.0	Human	unknown	unknown	GV	W.3	2021-06-05		(NSP3_A85V,Spike_M1229T,NSP3_P466S,NSP12_P323L,Spike_D614G,N_A220V,Spike_A222V)	2020-10-27		True	True			0.379873073436
hCoV-19/Scotland/QEUH-9FAD90/2020	betacoronavirus	EPI_ISL_600550	2020-09-29	Europe / United Kingdom / Scotland		29782.0	Human	unknown	unknown	GV	W.3	2021-06-05		(NSP3_A85V,Spike_M1229T,NSP12_P323L,Spike_D614G,N_A220V,Spike_A222V)	2020-10-27		True	True			0.379961050299
hCoV-19/England/QEUH-9DE248/2020	betacoronavirus	EPI_ISL_599758	2020-09-21	Europe / United Kingdom / England		29782.0	Human	unknown	unknown	GV	W.3	2021-06-05		(NSP3_A85V,Spike_M1229T,NSP12_P323L,Spike_D614G,N_A220V,Spike_A222V)	2020-10-27		True	True			0.379961050299
hCoV-19/England/ALDP-A87641/2020	betacoronavirus	EPI_ISL_606249	2020-10-17	Europe / United Kingdom / England		29782.0	Human	unknown	unknown	GV	W.3	2021-06-05		(NSP3_A85V,NSP3_I1268V,Spike_M1229T,NSP12_P323L,Spike_D614G,N_A220V,Spike_A222V)	2020-11-02		True	True		0.00889799207575	0.379882779415
hCoV-19/England/ALDP-A6E2E2/2020	betacoronavirus	EPI_ISL_607011	2020-10-15	Europe / United Kingdom / England		29782.0	Human	unknown	unknown	GV	W.3	2021-06-05		(NSP3_A85V,Spike_M1229T,NSP12_P323L,Spike_D614G,N_A220V,Spike_A222V)	2020-11-02		True	True			0.379885829416
hCoV-19/England/ALDP-A939D0/2020	betacoronavirus	EPI_ISL_611255	2020-10-20	Europe / United Kingdom / England		29782.0	Human	unknown	unknown	GV	W.3	2021-06-05		(NSP3_A85V,Spike_M1229T,NSP4_V498I,NSP12_P323L,Spike_D614G,N_A220V,Spike_A222V)	2020-11-03		True	True		0.00255196266076	0.37996970207
hCoV-19/England/ALDP-A93A28/2020	betacoronavirus	EPI_ISL_611240	2020-10-19	Europe / United Kingdom / England		29782.0	Human	unknown	unknown	GV	W.3	2021-06-05		(NSP3_A85V,Spike_M1229T,NSP12_P323L,Spike_D614G,N_A220V,Spike_A222V)	2020-11-03		True	True			0.379919408999
hCoV-19/England/ALDP-A66DCB/2020	betacoronavirus	EPI_ISL_630477	2020-10-12	Europe / United Kingdom / England		29782.0	Human	unknown	unknown	GV	W.3	2021-06-05		(NSP3_A85V,Spike_M1229T,NSP12_P323L,Spike_D614G,N_A220V,Spike_A222V)	2020-11-10		True	True			0.379973808804
hCoV-19/England/MILK-ACDC7A/2020	betacoronavirus	EPI_ISL_630050	2020-10-22	Europe / United Kingdom / England		29782.0	Human	unknown	unknown	GV	W.3	2021-06-05		(NSP3_A85V,NS3_T12N,Spike_M1229T,NSP12_P323L,Spike_D614G,N_A220V,NSP8_S7N,Spike_A222V)	2020-11-10		True	True			0.379885829416
hCoV-19/England/QEUH-AD5996/2020	betacoronavirus	EPI_ISL_633759	2020-10-26	Europe / United Kingdom / England		29491.0	Human	unknown	unknown	GV	W.3	2021-06-05		(NSP4_G105S,NS3_V255del,NSP3_A85V,NSP16_I290V,Spike_M1229T,NSP12_P323L,Spike_D614G,N_A220V,Spike_A222V)	2020-11-12		True			0.0328574819436	0.37939134703
hCoV-19/England/CAMC-AEB04D/2020	betacoronavirus	EPI_ISL_633291	2020-10-25	Europe / United Kingdom / England		29782.0	Human	unknown	unknown	GV	W.3	2021-06-05		(NSP3_A85V,NS3_T12N,Spike_M1229T,NSP12_P323L,Spike_D614G,N_A220V,NSP8_S7N,Spike_A222V)	2020-11-12		True	True			0.379893895642
hCoV-19/England/CAMC-9DFAA9/2020	betacoronavirus	EPI_ISL_638440	2020-09-21	Europe / United Kingdom / England		29782.0	Human	unknown	unknown	GV	W.3	2021-06-05		(NSP3_A85V,Spike_M1229T,NSP12_P323L,Spike_D614G,N_A220V,Spike_A222V)	2020-11-16		True	True		0.00896514673293	0.379840758936
hCoV-19/England/QEUH-A8A7A5/2020	betacoronavirus	EPI_ISL_638844	2020-10-16	Europe / United Kingdom / England		29903.0	Human	unknown	unknown	GV	W.3	2021-06-05		(NSP3_A85V,Spike_S151I,Spike_M1229T,NSP12_P323L,Spike_D614G,N_A220V,Spike_A222V)	2020-11-16		True	True			0.379460254824
hCoV-19/England/CAMC-B35E76/2020	betacoronavirus	EPI_ISL_645279	2020-11-05	Europe / United Kingdom / England		29782.0	Human	unknown	unknown	GV	W.3	2021-06-05		(NSP3_A85V,Spike_S256L,Spike_M1229T,Spike_A1087S,NSP12_P323L,Spike_D614G,N_A220V,NSP8_S7N,Spike_A222V)	2020-11-20		True	True			0.379793163656
hCoV-19/England/ALDP-B1B9B1/2020	betacoronavirus	EPI_ISL_645557	2020-11-01	Europe / United Kingdom / England		29782.0	Human	unknown	unknown	GV	W.3	2021-06-05		(NSP1_D75N,NSP14_T219I,NSP3_A85V,Spike_M1229T,NSP12_P323L,Spike_D614G,N_A220V,Spike_A222V)	2020-11-20		True	True			0.37992747297
hCoV-19/England/ALDP-B24593/2020	betacoronavirus	EPI_ISL_646993	2020-11-04	Europe / United Kingdom / England		29782.0	Human	unknown	unknown	GV	W.3	2021-06-05		(NSP3_A85V,NSP16_Q238H,Spike_M1229T,NSP12_P323L,Spike_D614G,N_A220V,Spike_A222V)	2020-11-20		True	True			0.379893895642
hCoV-19/England/ALDP-B25055/2020	betacoronavirus	EPI_ISL_646532	2020-11-04	Europe / United Kingdom / England		29782.0	Human	unknown	unknown	GV	W.3	2021-06-05		(NSP3_A85V,Spike_M1229T,NSP12_P323L,Spike_D614G,N_A220V,Spike_A222V)	2020-11-20		True	True			0.379860318313
hCoV-19/England/ALDP-B5AF87/2020	betacoronavirus	EPI_ISL_655542	2020-11-08	Europe / United Kingdom / England		29782.0	Human	unknown	unknown	GV	W.3	2021-06-05		(NSP3_A85V,NSP2_E587K,NS3_T12N,Spike_M1229T,NSP12_P323L,Spike_D614G,N_A220V,NSP8_S7N,Spike_A222V)	2020-11-25		True	True			0.379873073436
hCoV-19/England/ALDP-B5B117/2020	betacoronavirus	EPI_ISL_655381	2020-11-09	Europe / United Kingdom / England		29782.0	Human	unknown	unknown	GV	W.3	2021-06-05		(NSP3_A85V,Spike_M1229T,NSP2_S32L,NSP12_P323L,Spike_D614G,N_A220V,Spike_A222V)	2020-11-25		True	True			0.379852249832
hCoV-19/England/CAMC-B33EE1/2020	betacoronavirus	EPI_ISL_659111	2020-11-05	Europe / United Kingdom / England		29782.0	Human	unknown	unknown	GV	W.3	2021-06-05		(NSP3_A85V,Spike_M1229T,Spike_A1087S,NSP12_P323L,Spike_D614G,N_A220V,NSP8_S7N,Spike_A222V)	2020-11-25		True	True			0.379826740984
hCoV-19/England/ALDP-B46AD8/2020	betacoronavirus	EPI_ISL_656084	2020-11-06	Europe / United Kingdom / England		29782.0	Human	unknown	unknown	GV	W.3	2021-06-05		(NSP3_A85V,Spike_M1229T,NSP12_P323L,Spike_D614G,NSP14_V125F,N_A220V,Spike_A222V)	2020-11-25		True	True			0.379893895642
hCoV-19/England/ALDP-B46B20/2020	betacoronavirus	EPI_ISL_656024	2020-11-06	Europe / United Kingdom / England		29782.0	Human	unknown	unknown	GV	W.3	2021-06-05		(NSP3_A85V,Spike_M1229T,NSP12_P323L,Spike_D614G,N_A220V,Spike_A222V)	2020-11-25		True	True			0.379940230348
hCoV-19/England/MILK-B88ABC/2020	betacoronavirus	EPI_ISL_675857	2020-11-14	Europe / United Kingdom / England		29782.0	Human	unknown	unknown	GV	W.3	2021-06-05		(NSP3_A85V,Spike_M1229T,Spike_A1087S,NSP12_P323L,Spike_D614G,N_A220V,NSP8_S7N,Spike_A222V)	2020-12-04		True	True			0.379873073436
hCoV-19/England/ALDP-B85703/2020	betacoronavirus	EPI_ISL_675347	2020-11-14	Europe / United Kingdom / England		29782.0	Human	unknown	unknown	GV	W.3	2021-06-05		(NSP14_T219I,NSP3_A85V,Spike_M1229T,NSP12_P323L,Spike_D614G,N_A220V,Spike_A222V)	2020-12-04		True	True			0.37992747297
hCoV-19/England/204900613/2020	betacoronavirus	EPI_ISL_722976	2020-11-30	Europe / United Kingdom / England		29827.0	Human	66	Female	GV	W.3	2021-06-05		(NSP3_A85V,NS7b_L32F,N_L221W,Spike_M1229T,NSP12_P323L,Spike_D614G,N_A220V,NSP8_S7N,Spike_A222V)	2020-12-21		True			0.0150534750394	0.380454762067
hCoV-19/England/204900599/2020	betacoronavirus	EPI_ISL_723021	2020-11-27	Europe / United Kingdom / England		29826.0	Human	56	Female	GV	W.3	2021-06-05		(Spike_M1229T,NSP12_P323L,Spike_D614G,N_A220V,NSP8_S7N,Spike_A222V)	2020-12-21		True	True		3.35390394419e-05	0.379875901392
hCoV-19/England/CAMC-B7AF54/2020	betacoronavirus	EPI_ISL_723970	2020-11-12	Europe / United Kingdom / England		29903.0	Human	unknown	unknown	GV	W.3	2021-06-05		(NSP3_A85V,Spike_M1229T,Spike_A1087S,NSP12_P323L,Spike_D614G,N_A220V,NSP8_S7N,Spike_A222V)	2020-12-21		True	True			0.379359930442
hCoV-19/England/ALDP-C3DE6E/2020	betacoronavirus	EPI_ISL_730695	2020-12-10	Europe / United Kingdom / England		29627.0	Human	unknown	unknown	GV	W.3	2021-06-05		(NSP14_T219I,NSP3_A85V,NSP15_P205L,Spike_M1229T,N_A12V,NSP12_P323L,Spike_D614G,N_A220V,Spike_A222V)	2020-12-23		True		True	0.0729739764404	0.380229382851
hCoV-19/England/204900584/2020	betacoronavirus	EPI_ISL_747490	2020-11-30	Europe / United Kingdom / England		29821.0	Human	29	Male	GV	W.3	2021-06-05		(NSP3_A85V,Spike_T1009I,NS7b_L32F,N_L221W,Spike_M1229T,NSP12_P323L,Spike_D614G,N_A220V,Spike_I1018T,NSP8_S7N,Spike_A222V)	2020-12-30		True	True			0.379866537004
hCoV-19/England/204900587/2020	betacoronavirus	EPI_ISL_747491	2020-11-30	Europe / United Kingdom / England		29822.0	Human	37	Female	GV	W.3	2021-06-05		(NSP3_A85V,NS7b_L32F,N_L221W,Spike_M1229T,NSP12_P323L,Spike_D614G,N_A220V,NSP8_S7N,Spike_A222V)	2020-12-30		True	True		0.00784655623365	0.379917534135
hCoV-19/England/MILK-C501D5/2020	betacoronavirus	EPI_ISL_769723	2020-12-11	Europe / United Kingdom / England		29782.0	Human	unknown	unknown	GV	W.3	2021-06-05		(NSP3_A85V,NSP3_H1539Y,NSP14_V381I,Spike_M1229T,Spike_A1087S,NSP12_P323L,Spike_D614G,N_A220V,NSP8_S7N,Spike_A222V)	2021-01-06		True	True			0.379759586327
hCoV-19/England/QEUH-CC2DAD/2020	betacoronavirus	EPI_ISL_778219	2020-12-21	Europe / United Kingdom / England		29782.0	Human	unknown	unknown	GV	W.3	2021-06-05		(NSP14_T219I,NSP3_A85V,NSP15_P205L,Spike_M1229T,NSP12_P323L,Spike_D614G,N_A220V,Spike_A222V,NS3_F231S)	2021-01-07		True	True			0.379906651892
hCoV-19/England/MILK-BAFA46/2020	betacoronavirus	EPI_ISL_783316	2020-11-17	Europe / United Kingdom / England		29782.0	Human	unknown	unknown	GV	W.3	2021-06-05		(NSP3_A85V,Spike_S256L,Spike_M1229T,Spike_A1087S,NSP12_P323L,Spike_D614G,N_A220V,NSP8_S7N,Spike_A222V)	2021-01-08		True	True			0.379793163656
hCoV-19/England/204262769/2020	betacoronavirus	EPI_ISL_837078	2020-10-15	Europe / United Kingdom / England		29852.0	Human	27	Male	GV	W.3	2021-06-05		(NSP14_T219I,NSP3_A85V,Spike_M1229T,NSP12_P323L,Spike_D614G,N_A220V,Spike_A222V)	2021-01-18		True			0.016447809192	0.380198222131
hCoV-19/England/LOND-1287C62/2020	betacoronavirus	EPI_ISL_843002	2020-11-23	Europe / United Kingdom / England		29808.0	Human	unknown	unknown	GV	W.3	2021-06-05		(NSP3_A85V,NS7b_L32F,N_L221W,Spike_M1229T,NSP12_P323L,Spike_D614G,N_A220V,NSP8_S7N,Spike_A222V)	2021-01-18		True	True		0.00452898550725	0.380177265528
hCoV-19/England/LIVE-DCDCB3/2020	betacoronavirus	EPI_ISL_838403	2020-12-04	Europe / United Kingdom / England		29874.0	Human	unknown	unknown	GV	W.3	2021-06-05		(NSP14_T219I,NSP3_A85V,NSP15_P205L,Spike_M1229T,N_A12V,NSP12_P323L,Spike_D614G,N_A220V,Spike_A222V)	2021-01-18		True			0.0447881100623	0.380536865713
hCoV-19/England/OXON-F4A223/2021	betacoronavirus	EPI_ISL_867103	2021-01-02	Europe / United Kingdom / England		29903.0	Human	unknown	unknown	GV	W.3	2021-06-05		(NSP14_T219I,NSP3_A85V,NSP15_P205L,Spike_M1229T,NSP12_P323L,Spike_D614G,N_A220V,Spike_A222V)	2021-01-25		True	True			0.379393371902
hCoV-19/England/ALDP-101A9F6/2021	betacoronavirus	EPI_ISL_881073	2021-01-14	Europe / United Kingdom / England		29782.0	Human	unknown	unknown	GV	W.3	2021-06-05		(NSP3_A85V,NSP3_H1539Y,NSP14_V381I,Spike_M1229T,Spike_A1087S,NSP12_P323L,Spike_D614G,N_A220V,NSP8_S7N,Spike_A222V)	2021-01-27		True	True			0.37969243167
hCoV-19/England/QEUH-10EF0F5/2021	betacoronavirus	EPI_ISL_907469	2021-01-22	Europe / United Kingdom / England		29782.0	Human	unknown	unknown	GV	W.3	2021-06-05		(NSP14_T219I,NSP3_A85V,NSP15_P205L,Spike_M1229T,NSP3_P389S,NSP12_P323L,Spike_D614G,N_A220V,Spike_A222V)	2021-02-01		True	True		0.00456651668793	0.380017540309
hCoV-19/England/QEUH-10EF040/2021	betacoronavirus	EPI_ISL_907423	2021-01-22	Europe / United Kingdom / England		29782.0	Human	unknown	unknown	GV	W.3	2021-06-05		(NSP14_T219I,NSP3_A85V,NSP15_P205L,Spike_M1229T,NSP3_P389S,NSP12_P323L,Spike_D614G,N_A220V,Spike_A222V)	2021-02-01		True	True			0.379893895642
hCoV-19/England/ALDP-BC6EF2/2020	betacoronavirus	EPI_ISL_916036	2020-11-21	Europe / United Kingdom / England		29782.0	Human	unknown	unknown	GV	W.3	2021-06-05		(NSP3_A85V,NSP16_Q238H,Spike_M1229T,NSP12_P323L,Spike_D614G,N_A220V,Spike_A222V)	2021-02-03		True	True			0.379893895642
hCoV-19/England/ALDP-115D8CC/2021	betacoronavirus	EPI_ISL_937679	2021-01-25	Europe / United Kingdom / England		29782.0	Human	unknown	unknown	GV	W.3	2021-06-05		(NSP14_T219I,NSP3_A85V,NSP15_P205L,Spike_M1229T,N_K355E,NSP12_P323L,Spike_D614G,N_A220V,Spike_A222V)	2021-02-05		True	True		0.00456651668793	0.380051271672
hCoV-19/Norway/1292/2021	betacoronavirus	EPI_ISL_964262	2021-01-23	Europe / Norway / Oslo		29782.0	Human	unknown	unknown	GV	U.3	2021-06-05		(Spike_L18F,NS3_V77F,Spike_K97N,NSP12_P323L,Spike_D614G,NS3_G18V,N_A220V,Spike_A222V)	2021-02-10		True	True		3.35773285877e-05	0.379738759612
hCoV-19/Norway/4180/2021	betacoronavirus	EPI_ISL_1110548	2021-02-14	Europe / Norway / Viken		29782.0	Human	unknown	unknown	GV	U.3	2021-06-05		(Spike_L18F,NS3_V77F,Spike_K97N,NSP12_P323L,Spike_D614G,NS3_G18V,N_A220V,NSP3_D218N,Spike_A222V)	2021-03-01		True	True			0.379759586327
hCoV-19/Norway/Ahus-0045/2021	betacoronavirus	EPI_ISL_1118142	2021-02-12	Europe / Norway / Viken		29782.0	Human	unknown	unknown	GV	U.3	2021-06-05		(Spike_L18F,NS3_V77F,Spike_K97N,NSP3_S1212L,NSP12_P323L,Spike_D614G,NS3_G18V,N_A220V,NSP3_D218N,Spike_A123V,Spike_A222V)	2021-03-02		True	True		0.0021825263582	0.37947975906
hCoV-19/Norway/3581/2021	betacoronavirus	EPI_ISL_1118304	2021-02-08	Europe / Norway / Viken		29782.0	Human	unknown	unknown	GV	U.3	2021-06-05		(Spike_L18F,NS3_V77F,Spike_K97N,NSP12_P323L,Spike_D614G,NS3_G18V,N_A220V,NSP3_D218N,Spike_A222V)	2021-03-02		True			0.0131623128064	0.379686968357
hCoV-19/Norway/3428/2021	betacoronavirus	EPI_ISL_1118662	2021-02-08	Europe / Norway / Viken		29782.0	Human	unknown	unknown	GV	U.3	2021-06-05		(Spike_L18F,NS3_V77F,Spike_K97N,NSP12_P323L,Spike_D614G,NS3_G18V,N_A220V,NSP3_D218N,Spike_A222V)	2021-03-02		True	True		0.00325700087301	0.379585649318
hCoV-19/Latvia/272/2021	betacoronavirus	EPI_ISL_961860	2021-01-19	Europe / Latvia		29853.0	Human	unknown	unknown	GV	U.3	2021-06-05		(Spike_L18F,NS3_V77F,NSP12_P323L,Spike_D614G,NS3_G18V,N_A220V,Spike_A222V)	2021-02-09		True	True			0.379693833116
hCoV-19/Norway/3028/2021	betacoronavirus	EPI_ISL_1192319	2021-02-03	Europe / Norway / Viken		29782.0	Human	unknown	unknown	GV	U.3	2021-06-05		(Spike_L18F,NS3_V77F,Spike_K97N,NSP12_P323L,Spike_D614G,NS3_G18V,N_A220V,NSP3_D218N,Spike_A222V)	2021-03-09		True	True		0.000167886642939	0.379756187662
hCoV-19/Latvia/492/2021	betacoronavirus	EPI_ISL_1219310	2021-02-04	Europe / Latvia		29871.0	Human	unknown	unknown	GV	U.3	2021-06-05		(Spike_L18F,N_P142S,NS3_V77F,NSP12_P323L,Spike_D614G,NS3_G18V,N_A220V,Spike_A222V,N_T24I)	2021-03-11		True	True			0.379665896689
hCoV-19/Latvia/592/2021	betacoronavirus	EPI_ISL_1219406	2021-02-10	Europe / Latvia		29853.0	Human	unknown	unknown	GV	U.3	2021-06-05		(Spike_L18F,NSP2_N209H,NS3_V77F,NSP12_P323L,Spike_D614G,NS3_G18V,N_A220V,Spike_A222V)	2021-03-11		True	True			0.379727330587
hCoV-19/Latvia/635/2021	betacoronavirus	EPI_ISL_1219449	2021-01-29	Europe / Latvia		29871.0	Human	unknown	unknown	GV	U.3	2021-06-05		(Spike_L18F,NS3_V77F,NSP12_P323L,Spike_D614G,NS3_G18V,N_A220V,Spike_A222V)	2021-03-11		True	True			0.37973285126
hCoV-19/Latvia/733/2021	betacoronavirus	EPI_ISL_1219540	2021-02-17	Europe / Latvia		29853.0	Human	unknown	unknown	GV	U.3	2021-06-05		(Spike_L18F,NSP3_N1116T,NS3_V77F,NSP12_P323L,Spike_D614G,NS3_G18V,N_A220V,Spike_A222V)	2021-03-11		True	True			0.379760828057
hCoV-19/Latvia/751/2021	betacoronavirus	EPI_ISL_1219557	2021-02-17	Europe / Latvia		29871.0	Human	unknown	unknown	GV	U.3	2021-06-05		(Spike_L18F,NS3_V77F,NSP12_P323L,NSP12_T85I,Spike_D614G,NS3_G18V,Spike_K1149M,N_A220V,Spike_A222V)	2021-03-11		True	True			0.37973285126
hCoV-19/Latvia/762/2021	betacoronavirus	EPI_ISL_1219568	2021-02-16	Europe / Latvia		29871.0	Human	unknown	unknown	GV	U.3	2021-06-05		(Spike_L18F,NS3_V77F,NSP12_P323L,Spike_D614G,NS3_G18V,N_A220V,Spike_A222V)	2021-03-11		True	True			0.37973285126
hCoV-19/Norway/1736/2021	betacoronavirus	EPI_ISL_1251784	2021-01-23	Europe / Norway / Viken		29828.0	Human	unknown	unknown	GV	U.3	2021-06-05		(Spike_L18F,NS3_V77F,Spike_K97N,NSP12_P323L,Spike_D614G,NS3_G18V,N_A220V,Spike_A222V)	2021-03-15		True	True			0.379676813732
hCoV-19/Latvia/1185/2021	betacoronavirus	EPI_ISL_1312696	2021-02-24	Europe / Latvia		29871.0	Human	unknown	unknown	GV	U.3	2021-06-05		(Spike_L18F,NS3_V77F,NSP3_T976I,NSP12_P323L,Spike_D614G,NS3_G18V,N_A220V,Spike_A222V)	2021-03-22		True	True			0.379699373975
hCoV-19/Latvia/1194/2021	betacoronavirus	EPI_ISL_1312705	2021-02-25	Europe / Latvia		29866.0	Human	unknown	unknown	GV	U.3	2021-06-05		(Spike_L18F,NS3_V77F,NSP3_T976I,NSP12_P323L,Spike_D614G,NS3_G18V,N_A220V,Spike_A222V)	2021-03-22		True	True			0.379695975357
hCoV-19/Latvia/1196/2021	betacoronavirus	EPI_ISL_1312707	2021-02-28	Europe / Latvia		29871.0	Human	unknown	unknown	GV	U.3	2021-06-05		(Spike_L18F,NS3_V77F,NSP3_T976I,NSP12_P323L,Spike_D614G,NS3_G18V,N_A220V,Spike_A222V)	2021-03-22		True	True			0.379699373975
hCoV-19/Latvia/1201/2021	betacoronavirus	EPI_ISL_1312712	2021-02-28	Europe / Latvia		29853.0	Human	unknown	unknown	GV	U.3	2021-06-05		(Spike_L18F,NS3_V77F,NSP3_T976I,NSP12_P323L,Spike_D614G,NS3_G18V,N_A220V,Spike_A222V)	2021-03-22		True	True			0.379693833116
hCoV-19/Latvia/1205/2021	betacoronavirus	EPI_ISL_1312716	2021-03-02	Europe / Latvia		29829.0	Human	unknown	unknown	GV	U.3	2021-06-05		(Spike_L18F,NS3_V77F,NSP3_T976I,NSP12_P323L,Spike_D614G,NS3_G18V,N_A220V,Spike_A222V)	2021-03-22		True	True			0.379697609709
hCoV-19/Latvia/1207/2021	betacoronavirus	EPI_ISL_1312718	2021-03-02	Europe / Latvia		29853.0	Human	unknown	unknown	GV	U.3	2021-06-05		(Spike_L18F,NS3_V77F,NSP3_T976I,NSP12_P323L,Spike_D614G,NS3_G18V,N_A220V,Spike_A222V)	2021-03-22		True	True		0.0020433457274	0.379766380236
hCoV-19/Norway/2900/2021	betacoronavirus	EPI_ISL_1317836	2021-01-26	Europe / Norway / Viken		29828.0	Human	unknown	unknown	GV	U.3	2021-06-05		(Spike_L18F,NSP3_N1116T,NS3_V77F,NSP12_P323L,Spike_D614G,NS3_G18V,N_A220V,Spike_A222V)	2021-03-23		True	True			0.379743864825
hCoV-19/Norway/2251/2021	betacoronavirus	EPI_ISL_1317844	2021-01-28	Europe / Norway / Oslo		29828.0	Human	unknown	unknown	GV	U.3	2021-06-05		(Spike_L18F,NSP3_T73I,NS3_V77F,Spike_K97N,NSP12_P323L,Spike_D614G,NS3_G18V,N_A220V,Spike_A222V)	2021-03-23		True	True			0.379643288186
hCoV-19/Latvia/1272/2021	betacoronavirus	EPI_ISL_1321909	2021-03-03	Europe / Latvia		29853.0	Human	unknown	unknown	GV	U.3	2021-06-05		(Spike_L18F,NS3_V77F,NSP12_P323L,Spike_D614G,NS3_G18V,N_A220V,Spike_A222V)	2021-03-23		True	True			0.379727330587
hCoV-19/Latvia/1281/2021	betacoronavirus	EPI_ISL_1321918	2021-03-04	Europe / Latvia		29853.0	Human	unknown	unknown	GV	U.3	2021-06-05		(Spike_L18F,NS3_V77F,NSP3_T976I,NSP12_P323L,Spike_D614G,NS3_G18V,N_A220V,Spike_A222V)	2021-03-23		True	True			0.379693833116
hCoV-19/Latvia/1282/2021	betacoronavirus	EPI_ISL_1321919	2021-03-04	Europe / Latvia		29853.0	Human	unknown	unknown	GV	U.3	2021-06-05		(Spike_L18F,NS3_V77F,NSP3_T976I,NSP12_P323L,Spike_D614G,NS3_G18V,N_A220V,Spike_A222V)	2021-03-23		True	True			0.379693833116
hCoV-19/Latvia/2103011756/2021	betacoronavirus	EPI_ISL_1590085	2021-03-03	Europe / Latvia		29812.0	Human	unknown	unknown	GV	U.3	2021-06-05		(Spike_L18F,NS3_V77F,NSP12_P323L,Spike_D614G,NS3_G18V,N_A220V,Spike_A222V)	2021-04-14		True			0.0113712598953	0.379805245479
hCoV-19/Latvia/2102021699/2021	betacoronavirus	EPI_ISL_1590357	2021-02-07	Europe / Latvia		29628.0	Human	unknown	unknown	GV	U.3	2021-06-05		(Spike_L18F,NS8_Q27stop,NS3_V77F,NS8_Y73C,NS8_R52I,NSP12_P323L,Spike_D614G,NS3_G18V,N_A220V,Spike_A222V)	2021-04-14		True	True			0.379505872823
hCoV-19/Latvia/2103009063/2021	betacoronavirus	EPI_ISL_1590517	2021-02-27	Europe / Latvia		29784.0	Human	unknown	unknown	GV	U.3	2021-06-05		(Spike_L18F,NSP3_P822L,NS3_V77F,NSP3_S1087F,NSP12_P323L,Spike_D614G,NS3_G18V,N_A220V,Spike_A222V)	2021-04-14		True	True		0.00480123556272	0.379575587868
hCoV-19/Latvia/2102022885/2021	betacoronavirus	EPI_ISL_1590531	2021-02-08	Europe / Latvia		29631.0	Human	unknown	unknown	GV	U.3	2021-06-05		(Spike_L18F,N_P142S,NS3_V77F,NSP12_P323L,Spike_D614G,NS3_G18V,N_A220V,Spike_A222V,N_T24I)	2021-04-14		True	True			0.37946744963
hCoV-19/Latvia/2102030378/2021	betacoronavirus	EPI_ISL_1590636	2021-02-09	Europe / Latvia		29661.0	Human	unknown	unknown	GV	U.3	2021-06-05		(Spike_L18F,NS7a_L5P,NS3_V77F,NSP3_M1441I,NSP3_P109S,NSP12_P323L,Spike_D614G,NS3_G18V,N_A220V,Spike_A222V)	2021-04-14		True	True			0.37942078824
hCoV-19/Latvia/2102049208/2021	betacoronavirus	EPI_ISL_1590668	2021-02-15	Europe / Latvia		29675.0	Human	unknown	unknown	GV	U.3	2021-06-05		(Spike_L18F,NS3_V77F,NSP12_P323L,NSP12_T85I,Spike_D614G,Spike_K1149M,NS3_G18V,N_A220V,Spike_A222V)	2021-04-14		True	True			0.37951137321
hCoV-19/Latvia/2102078633/2021	betacoronavirus	EPI_ISL_1590713	2021-02-23	Europe / Latvia		29632.0	Human	unknown	unknown	GV	U.3	2021-06-05		(Spike_L18F,NS3_V77F,NSP12_P323L,NSP5_A70S,Spike_D614G,NS3_G18V,N_A220V,Spike_A222V)	2021-04-14		True	True			0.379488390929
hCoV-19/Latvia/2103009030/2021	betacoronavirus	EPI_ISL_1590747	2021-02-26	Europe / Latvia		29610.0	Human	unknown	unknown	GV	U.3	2021-06-05		(Spike_L18F,NS3_V77F,NSP12_P323L,Spike_D614G,NS3_G18V,N_A220V,Spike_A222V)	2021-04-14		True	True			0.379702803107
hCoV-19/Latvia/2103007668/2021	betacoronavirus	EPI_ISL_1590799	2021-03-02	Europe / Latvia		29858.0	Human	unknown	unknown	GV	U.3	2021-06-05		(Spike_L18F,NS3_V77F,NSP12_P323L,Spike_D614G,NS3_G18V,N_A220V,Spike_A222V)	2021-04-14		True	True		0.000100475584433	0.379333444984
hCoV-19/Latvia/2103027887/2021	betacoronavirus	EPI_ISL_1590823	2021-03-08	Europe / Latvia		29830.0	Human	unknown	unknown	GV	U.3	2021-06-05		(Spike_L18F,NS3_V77F,NSP3_T976I,NSP12_P323L,N_F346L,Spike_D614G,NS3_G18V,N_A220V,Spike_A222V)	2021-04-14		True	True		0.00130740864901	0.379846262294
hCoV-19/Latvia/2103029301/2021	betacoronavirus	EPI_ISL_1590826	2021-03-08	Europe / Latvia		29836.0	Human	unknown	unknown	GV	U.3	2021-06-05		(Spike_L18F,NS3_V77F,NSP3_T976I,NSP12_P323L,Spike_D614G,NS3_G18V,N_A220V,Spike_A222V)	2021-04-14		True	True			0.379742592841
hCoV-19/Latvia/2103042044/2021	betacoronavirus	EPI_ISL_1590848	2021-03-12	Europe / Latvia		29829.0	Human	unknown	unknown	GV	U.3	2021-06-05		(Spike_L18F,NSP3_T182I,NSP3_N1116T,NSP6_G135S,NS3_V77F,NSP12_P323L,Spike_D614G,NS3_G18V,NS3_Q218R,N_A220V,Spike_A222V)	2021-04-14		True	True			0.379764658554
hCoV-19/Latvia/2103044140/2021	betacoronavirus	EPI_ISL_1590852	2021-03-12	Europe / Latvia		29832.0	Human	unknown	unknown	GV	U.3	2021-06-05		(Spike_L18F,NSP3_N1116T,NS3_V77F,NSP12_P323L,Spike_D614G,NS3_G18V,NS3_Q218R,N_A220V,Spike_A222V)	2021-04-14		True	True			0.379793510324
hCoV-19/Latvia/2103044197/2021	betacoronavirus	EPI_ISL_1590855	2021-03-10	Europe / Latvia		29826.0	Human	unknown	unknown	GV	U.3	2021-06-05		(Spike_L18F,NS3_V77F,NSP3_T976I,NSP12_P323L,Spike_D614G,NS3_G18V,N_A220V,Spike_A222V)	2021-04-14		True	True			0.379735800979
hCoV-19/Latvia/2103044380/2021	betacoronavirus	EPI_ISL_1590871	2021-03-10	Europe / Latvia		29836.0	Human	unknown	unknown	GV	U.3	2021-06-05		(Spike_L18F,NS3_V77F,NSP3_T976I,NSP12_P323L,Spike_D614G,NS3_G18V,N_A220V,Spike_A222V)	2021-04-14		True	True			0.379742592841
hCoV-19/Latvia/2103044437/2021	betacoronavirus	EPI_ISL_1590876	2021-03-10	Europe / Latvia		29867.0	Human	unknown	unknown	GV	U.3	2021-06-05		(Spike_L18F,NS3_V77F,NSP12_P323L,Spike_D614G,NS3_G18V,N_A220V,Spike_A222V)	2021-04-14		True	True			0.379750226002
hCoV-19/Latvia/2103044441/2021	betacoronavirus	EPI_ISL_1590877	2021-03-10	Europe / Latvia		29836.0	Human	unknown	unknown	GV	U.3	2021-06-05		(Spike_L18F,NS3_V77F,NS8_P36L,NSP12_P323L,Spike_D614G,NS3_G18V,N_A220V,Spike_A222V)	2021-04-14		True	True			0.379742592841
hCoV-19/Latvia/2103045337/2021	betacoronavirus	EPI_ISL_1590904	2021-03-10	Europe / Latvia		29861.0	Human	unknown	unknown	GV	U.3	2021-06-05		(Spike_L18F,NSP3_N1116T,NS3_V77F,NSP12_P323L,Spike_D614G,NS3_G18V,NS3_Q218R,N_A220V,Spike_A222V)	2021-04-14		True	True		6.69769934028e-05	0.37991895241
hCoV-19/Latvia/2103045541/2021	betacoronavirus	EPI_ISL_1590919	2021-03-10	Europe / Latvia		29837.0	Human	unknown	unknown	GV	U.3	2021-06-05		(Spike_L18F,NS3_V77F,NS8_S67F,NSP14_H148Y,NSP12_P323L,NSP12_T85I,Spike_D614G,NS3_G18V,Spike_K1149M,N_A220V,Spike_A222V)	2021-04-14		True	True			0.379662834735
hCoV-19/Latvia/2103045654/2021	betacoronavirus	EPI_ISL_1590925	2021-03-10	Europe / Latvia		29867.0	Human	unknown	unknown	GV	U.3	2021-06-05		(Spike_L18F,NS3_V77F,NSP12_P323L,NSP12_T85I,Spike_D614G,NS3_G18V,Spike_K1149M,N_A220V,Spike_A222V)	2021-04-14		True	True			0.379649780694
hCoV-19/Latvia/2103052583/2021	betacoronavirus	EPI_ISL_1590948	2021-03-15	Europe / Latvia		29867.0	Human	unknown	unknown	GV	U.3	2021-06-05		(Spike_L18F,NS3_P240L,NS3_V77F,NSP14_T31I,NSP12_P323L,Spike_D614G,NS3_G18V,N_A220V,Spike_A222V)	2021-04-14		True	True		0.000334817691767	0.379709950765
hCoV-19/Latvia/2103052611/2021	betacoronavirus	EPI_ISL_1590949	2021-03-15	Europe / Latvia		29811.0	Human	unknown	unknown	GV	U.3	2021-06-05		(Spike_L18F,NS3_P240L,NS3_V77F,NSP14_T31I,NSP12_P323L,Spike_D614G,NS3_G18V,N_A220V,Spike_A222V)	2021-04-14		True	True			0.379692059978
hCoV-19/Latvia/2103055075/2021	betacoronavirus	EPI_ISL_1590954	2021-03-16	Europe / Latvia		29867.0	Human	unknown	unknown	GV	U.3	2021-06-05		(Spike_L18F,NSP3_N1116T,NS3_V77F,NSP12_P323L,Spike_D614G,NS3_G18V,NS3_Q218R,N_A220V,Spike_A222V)	2021-04-14		True	True			0.380018080155
hCoV-19/Latvia/2103056716/2021	betacoronavirus	EPI_ISL_1590955	2021-03-16	Europe / Latvia		29867.0	Human	unknown	unknown	GV	U.3	2021-06-05		(Spike_L18F,NS3_P240L,NS3_V77F,NSP14_T31I,NSP12_P323L,Spike_D614G,NS3_G18V,N_A220V,Spike_A222V)	2021-04-14		True	True		0.000267854153413	0.37978498945
hCoV-19/Latvia/2103067529/2021	betacoronavirus	EPI_ISL_1591006	2021-03-16	Europe / Latvia		29867.0	Human	unknown	unknown	GV	U.3	2021-06-05		(Spike_L18F,NSP3_T1335I,NS3_V77F,NSP12_P323L,NSP3_Q1884H,Spike_D614G,NS3_G18V,N_A220V,Spike_A222V)	2021-04-14		True	True			0.379850671309
hCoV-19/Latvia/2103067566/2021	betacoronavirus	EPI_ISL_1591016	2021-03-16	Europe / Latvia		29867.0	Human	unknown	unknown	GV	U.3	2021-06-05		(NSP1_T12I,Spike_L18F,NSP3_N1116T,NSP6_G135S,NS3_V77F,NSP12_P323L,Spike_D614G,NS3_G18V,NS3_Q218R,N_A220V,Spike_A222V)	2021-04-14		True	True			0.379850671309
hCoV-19/Latvia/2103067605/2021	betacoronavirus	EPI_ISL_1591024	2021-03-17	Europe / Latvia		29858.0	Human	unknown	unknown	GV	U.3	2021-06-05		(Spike_L18F,NS3_V77F,NSP12_P323L,Spike_D614G,NS3_G18V,N_A220V,Spike_A222V,N_G25C)	2021-04-14		True	True			0.379764217295
hCoV-19/Latvia/1420/2021	betacoronavirus	EPI_ISL_1613219	2021-03-09	Europe / Latvia		29903.0	Human	unknown	unknown	GV	U.3	2021-06-05		(Spike_L18F,NS3_V77F,NSP12_P323L,Spike_D614G,NS3_G18V,N_A220V,NSP16_K160R,Spike_A222V)	2021-04-15		True	True		0.000568504832291	0.379241116242
hCoV-19/Latvia/1421/2021	betacoronavirus	EPI_ISL_1613220	2021-03-09	Europe / Latvia		29903.0	Human	unknown	unknown	GV	U.3	2021-06-05		(Spike_L18F,NS3_V77F,NSP12_P323L,Spike_D614G,NS3_G18V,N_A220V,Spike_A222V)	2021-04-15		True	True		0.000501621910845	0.379215738758
hCoV-19/Latvia/1450/2021	betacoronavirus	EPI_ISL_1613264	2021-03-12	Europe / Latvia		29871.0	Human	unknown	unknown	GV	U.3	2021-06-05		(Spike_L18F,NS3_V77F,NSP3_T976I,NSP12_P323L,Spike_D614G,NS3_G18V,N_A220V,NSP4_S218F,Spike_A222V)	2021-04-15		True	True			0.379665896689
hCoV-19/Latvia/1452/2021	betacoronavirus	EPI_ISL_1613267	2021-03-12	Europe / Latvia		29836.0	Human	unknown	unknown	GV	U.3	2021-06-05		(Spike_L18F,NS3_V77F,NSP3_T976I,NSP12_P323L,Spike_D614G,NS3_G18V,N_A220V,Spike_A222V)	2021-04-15		True	True			0.379642043169
hCoV-19/Latvia/1454/2021	betacoronavirus	EPI_ISL_1613270	2021-03-15	Europe / Latvia		29871.0	Human	unknown	unknown	GV	U.3	2021-06-05		(Spike_L18F,NS3_V77F,NSP14_T31I,NSP12_P323L,Spike_D614G,NS3_G18V,N_A220V,NSP7_E50K,Spike_A222V)	2021-04-15		True	True			0.379665896689
hCoV-19/Latvia/1456/2021	betacoronavirus	EPI_ISL_1613273	2021-03-15	Europe / Latvia		29853.0	Human	unknown	unknown	GV	U.3	2021-06-05		(Spike_L18F,NS3_V77F,NSP3_T976I,NSP12_P323L,Spike_D614G,NS3_G18V,N_A220V,Spike_A222V)	2021-04-15		True	True			0.379693833116
hCoV-19/Latvia/1457/2021	betacoronavirus	EPI_ISL_1613274	2021-03-15	Europe / Latvia		29853.0	Human	unknown	unknown	GV	U.3	2021-06-05		(N_T135I,NSP16_T120I,Spike_L18F,NS3_V77F,NSP14_T31I,NSP12_P323L,Spike_D614G,NS3_G18V,N_A220V,Spike_A222V)	2021-04-15		True	True			0.379626838174
hCoV-19/Latvia/1490/2021	betacoronavirus	EPI_ISL_1613323	2021-03-16	Europe / Latvia		29853.0	Human	unknown	unknown	GV	U.3	2021-06-05		(NSP16_T120I,Spike_L18F,NS3_V77F,NSP14_T31I,NSP12_P323L,Spike_D614G,NS3_G18V,N_A220V,Spike_A222V)	2021-04-15		True	True			0.379660335645
hCoV-19/Latvia/1591/2021	betacoronavirus	EPI_ISL_1613471	2021-03-17	Europe / Latvia		29903.0	Human	unknown	unknown	GV	U.3	2021-06-05		(Spike_L18F,NS3_V77F,NSP3_T976I,NSP12_P323L,Spike_D614G,NS3_G18V,N_A220V,Spike_A222V)	2021-04-15		True	True		0.000501621910845	0.379282655246
hCoV-19/Latvia/1790/2021	betacoronavirus	EPI_ISL_1613756	2021-03-24	Europe / Latvia		29853.0	Human	unknown	unknown	GV	U.3	2021-06-05		(NSP3_N1116T,NS3_V77F,NSP12_P323L,Spike_D614G,NS3_G18V,NS3_Q218R,N_A220V,Spike_A222V)	2021-04-15		True			0.0333299835862	0.381350058909
hCoV-19/Latvia/1835/2021	betacoronavirus	EPI_ISL_1613824	2021-03-25	Europe / Latvia		29853.0	Human	unknown	unknown	GV	U.3	2021-06-05		(Spike_L18F,NS3_V77F,NSP14_T31I,NSP12_P323L,Spike_D614G,NS3_G18V,N_A220V,Spike_A222V)	2021-04-15		True	True			0.379660335645
hCoV-19/Latvia/1867/2021	betacoronavirus	EPI_ISL_1613872	2021-03-24	Europe / Latvia		29903.0	Human	unknown	unknown	GV	U.3	2021-06-05		(Spike_L18F,NS3_V77F,NSP3_T976I,NSP14_L177F,NSP12_P323L,Spike_D614G,NS3_G18V,N_A220V,Spike_A222V)	2021-04-15		True	True		0.000133765842892	0.379276898893
hCoV-19/England/LOND-128D2E2/2020	betacoronavirus	EPI_ISL_1636943	2020-12-06	Europe / United Kingdom / England		29782.0	Human	unknown	unknown	GV	W.3	2021-06-05		(NSP3_A85V,NS7b_L32F,N_L221W,Spike_M1229T,NSP12_P323L,Spike_D614G,N_A220V,NSP8_S7N,Spike_A222V)	2021-04-19		True			0.0142032099926	0.379985694336
hCoV-19/Latvia/2115/2021	betacoronavirus	EPI_ISL_2141693	2021-04-12	Europe / Latvia		29871.0	Human	unknown	unknown	GV	U.3	2021-06-05		(Spike_L18F,NSP16_A188V,NS3_V77F,NS8_I9T,NSP12_P323L,Spike_D614G,NS3_G18V,N_A220V,Spike_A222V)	2021-05-18		True	True		0.000569113856249	0.379681114758
hCoV-19/Latvia/2287/2021	betacoronavirus	EPI_ISL_2141858	2021-04-15	Europe / Latvia		29853.0	Human	unknown	unknown	GV	U.3	2021-06-05		(Spike_L18F,NS3_V77F,NS8_P36L,NSP12_P323L,NSP2_P13S,Spike_D614G,NS3_G18V,N_A220V,Spike_A222V)	2021-05-18		True	True			0.379626838174
hCoV-19/England/GSTT-201204GN2BC56/2020	betacoronavirus	EPI_ISL_2354667	2020-11-26	Europe / United Kingdom / England		29782.0	Human	unknown	unknown	GV	W.3	2021-06-05		(NSP3_A85V,Spike_M1229T,Spike_A1087S,NSP12_P323L,Spike_D614G,N_A220V,NSP8_S7N,Spike_A222V)	2021-05-31		True	True		0.000134309314351	0.379877762106
